<?xml version="1.0" encoding="UTF-8"?>
<root>
<header>
<header>연도</header>
<header>노선</header>
<header>항공사</header>
<header>정기_부정기</header>
<header>여객기_화물기</header>
<header>운항출발</header>
<header>운항도착</header>
</header>
<Row>
<연도>2016</연도>
<노선>D</노선>
<항공사>AAR</항공사>
<정기_부정기>정기</정기_부정기>
<여객기_화물기>여객기</여객기_화물기>
<운항출발>35238</운항출발>
<운항도착>35238</운항도착>
</Row>
<Row>
<연도>2016</연도>
<노선>D</노선>
<항공사>AAR</항공사>
<정기_부정기>부정기</정기_부정기>
<여객기_화물기>여객기</여객기_화물기>
<운항출발>327</운항출발>
<운항도착>207</운항도착>
</Row>
<Row>
<연도>2016</연도>
<노선>D</노선>
<항공사>ABL</항공사>
<정기_부정기>정기</정기_부정기>
<여객기_화물기>여객기</여객기_화물기>
<운항출발>23049</운항출발>
<운항도착>23049</운항도착>
</Row>
<Row>
<연도>2016</연도>
<노선>D</노선>
<항공사>ABL</항공사>
<정기_부정기>부정기</정기_부정기>
<여객기_화물기>여객기</여객기_화물기>
<운항출발>141</운항출발>
<운항도착>131</운항도착>
</Row>
<Row>
<연도>2016</연도>
<노선>D</노선>
<항공사>ASV</항공사>
<정기_부정기>정기</정기_부정기>
<여객기_화물기>여객기</여객기_화물기>
<운항출발>637</운항출발>
<운항도착>637</운항도착>
</Row>
<Row>
<연도>2016</연도>
<노선>D</노선>
<항공사>ASV</항공사>
<정기_부정기>부정기</정기_부정기>
<여객기_화물기>여객기</여객기_화물기>
<운항출발>1</운항출발>
<운항도착>0</운항도착>
</Row>
<Row>
<연도>2016</연도>
<노선>D</노선>
<항공사>ESR</항공사>
<정기_부정기>정기</정기_부정기>
<여객기_화물기>여객기</여객기_화물기>
<운항출발>15856</운항출발>
<운항도착>15856</운항도착>
</Row>
<Row>
<연도>2016</연도>
<노선>D</노선>
<항공사>ESR</항공사>
<정기_부정기>부정기</정기_부정기>
<여객기_화물기>여객기</여객기_화물기>
<운항출발>351</운항출발>
<운항도착>272</운항도착>
</Row>
<Row>
<연도>2016</연도>
<노선>D</노선>
<항공사>JJA</항공사>
<정기_부정기>정기</정기_부정기>
<여객기_화물기>여객기</여객기_화물기>
<운항출발>25430</운항출발>
<운항도착>25430</운항도착>
</Row>
<Row>
<연도>2016</연도>
<노선>D</노선>
<항공사>JJA</항공사>
<정기_부정기>부정기</정기_부정기>
<여객기_화물기>여객기</여객기_화물기>
<운항출발>747</운항출발>
<운항도착>685</운항도착>
</Row>
<Row>
<연도>2016</연도>
<노선>D</노선>
<항공사>JNA</항공사>
<정기_부정기>정기</정기_부정기>
<여객기_화물기>여객기</여객기_화물기>
<운항출발>18864</운항출발>
<운항도착>18864</운항도착>
</Row>
<Row>
<연도>2016</연도>
<노선>D</노선>
<항공사>JNA</항공사>
<정기_부정기>부정기</정기_부정기>
<여객기_화물기>여객기</여객기_화물기>
<운항출발>336</운항출발>
<운항도착>293</운항도착>
</Row>
<Row>
<연도>2016</연도>
<노선>D</노선>
<항공사>KAL</항공사>
<정기_부정기>정기</정기_부정기>
<여객기_화물기>여객기</여객기_화물기>
<운항출발>51248</운항출발>
<운항도착>51249</운항도착>
</Row>
<Row>
<연도>2016</연도>
<노선>D</노선>
<항공사>KAL</항공사>
<정기_부정기>부정기</정기_부정기>
<여객기_화물기>여객기</여객기_화물기>
<운항출발>366</운항출발>
<운항도착>353</운항도착>
</Row>
<Row>
<연도>2016</연도>
<노선>D</노선>
<항공사>TWB</항공사>
<정기_부정기>정기</정기_부정기>
<여객기_화물기>여객기</여객기_화물기>
<운항출발>15605</운항출발>
<운항도착>15605</운항도착>
</Row>
<Row>
<연도>2016</연도>
<노선>D</노선>
<항공사>TWB</항공사>
<정기_부정기>부정기</정기_부정기>
<여객기_화물기>여객기</여객기_화물기>
<운항출발>418</운항출발>
<운항도착>366</운항도착>
</Row>
<Row>
<연도>2016</연도>
<노선>I</노선>
<항공사>AAR</항공사>
<정기_부정기>정기</정기_부정기>
<여객기_화물기>여객기</여객기_화물기>
<운항출발>4757</운항출발>
<운항도착>4751</운항도착>
</Row>
<Row>
<연도>2016</연도>
<노선>I</노선>
<항공사>AAR</항공사>
<정기_부정기>부정기</정기_부정기>
<여객기_화물기>여객기</여객기_화물기>
<운항출발>77</운항출발>
<운항도착>75</운항도착>
</Row>
<Row>
<연도>2016</연도>
<노선>I</노선>
<항공사>AAR</항공사>
<정기_부정기>부정기</정기_부정기>
<여객기_화물기>화물기</여객기_화물기>
<운항출발>2</운항출발>
<운항도착>2</운항도착>
</Row>
<Row>
<연도>2016</연도>
<노선>I</노선>
<항공사>ABL</항공사>
<정기_부정기>정기</정기_부정기>
<여객기_화물기>여객기</여객기_화물기>
<운항출발>6871</운항출발>
<운항도착>6843</운항도착>
</Row>
<Row>
<연도>2016</연도>
<노선>I</노선>
<항공사>ABL</항공사>
<정기_부정기>부정기</정기_부정기>
<여객기_화물기>여객기</여객기_화물기>
<운항출발>181</운항출발>
<운항도착>205</운항도착>
</Row>
<Row>
<연도>2016</연도>
<노선>I</노선>
<항공사>AMU</항공사>
<정기_부정기>정기</정기_부정기>
<여객기_화물기>여객기</여객기_화물기>
<운항출발>23</운항출발>
<운항도착>23</운항도착>
</Row>
<Row>
<연도>2016</연도>
<노선>I</노선>
<항공사>AMU</항공사>
<정기_부정기>부정기</정기_부정기>
<여객기_화물기>여객기</여객기_화물기>
<운항출발>14</운항출발>
<운항도착>15</운항도착>
</Row>
<Row>
<연도>2016</연도>
<노선>I</노선>
<항공사>ANA</항공사>
<정기_부정기>정기</정기_부정기>
<여객기_화물기>여객기</여객기_화물기>
<운항출발>1096</운항출발>
<운항도착>1098</운항도착>
</Row>
<Row>
<연도>2016</연도>
<노선>I</노선>
<항공사>APJ</항공사>
<정기_부정기>정기</정기_부정기>
<여객기_화물기>여객기</여객기_화물기>
<운항출발>364</운항출발>
<운항도착>364</운항도착>
</Row>
<Row>
<연도>2016</연도>
<노선>I</노선>
<항공사>CAL</항공사>
<정기_부정기>정기</정기_부정기>
<여객기_화물기>여객기</여객기_화물기>
<운항출발>874</운항출발>
<운항도착>876</운항도착>
</Row>
<Row>
<연도>2016</연도>
<노선>I</노선>
<항공사>CAL</항공사>
<정기_부정기>부정기</정기_부정기>
<여객기_화물기>여객기</여객기_화물기>
<운항출발>23</운항출발>
<운항도착>21</운항도착>
</Row>
<Row>
<연도>2016</연도>
<노선>I</노선>
<항공사>CBJ</항공사>
<정기_부정기>정기</정기_부정기>
<여객기_화물기>여객기</여객기_화물기>
<운항출발>167</운항출발>
<운항도착>171</운항도착>
</Row>
<Row>
<연도>2016</연도>
<노선>I</노선>
<항공사>CBJ</항공사>
<정기_부정기>부정기</정기_부정기>
<여객기_화물기>여객기</여객기_화물기>
<운항출발>60</운항출발>
<운항도착>55</운항도착>
</Row>
<Row>
<연도>2016</연도>
<노선>I</노선>
<항공사>CCA</항공사>
<정기_부정기>정기</정기_부정기>
<여객기_화물기>여객기</여객기_화물기>
<운항출발>1150</운항출발>
<운항도착>1143</운항도착>
</Row>
<Row>
<연도>2016</연도>
<노선>I</노선>
<항공사>CCA</항공사>
<정기_부정기>부정기</정기_부정기>
<여객기_화물기>여객기</여객기_화물기>
<운항출발>13</운항출발>
<운항도착>20</운항도착>
</Row>
<Row>
<연도>2016</연도>
<노선>I</노선>
<항공사>CEB</항공사>
<정기_부정기>정기</정기_부정기>
<여객기_화물기>여객기</여객기_화물기>
<운항출발>143</운항출발>
<운항도착>147</운항도착>
</Row>
<Row>
<연도>2016</연도>
<노선>I</노선>
<항공사>CEB</항공사>
<정기_부정기>부정기</정기_부정기>
<여객기_화물기>여객기</여객기_화물기>
<운항출발>10</운항출발>
<운항도착>7</운항도착>
</Row>
<Row>
<연도>2016</연도>
<노선>I</노선>
<항공사>CES</항공사>
<정기_부정기>정기</정기_부정기>
<여객기_화물기>여객기</여객기_화물기>
<운항출발>3227</운항출발>
<운항도착>3233</운항도착>
</Row>
<Row>
<연도>2016</연도>
<노선>I</노선>
<항공사>CES</항공사>
<정기_부정기>부정기</정기_부정기>
<여객기_화물기>여객기</여객기_화물기>
<운항출발>111</운항출발>
<운항도착>104</운항도착>
</Row>
<Row>
<연도>2016</연도>
<노선>I</노선>
<항공사>CHH</항공사>
<정기_부정기>정기</정기_부정기>
<여객기_화물기>여객기</여객기_화물기>
<운항출발>119</운항출발>
<운항도착>124</운항도착>
</Row>
<Row>
<연도>2016</연도>
<노선>I</노선>
<항공사>CHH</항공사>
<정기_부정기>부정기</정기_부정기>
<여객기_화물기>여객기</여객기_화물기>
<운항출발>5</운항출발>
<운항도착>0</운항도착>
</Row>
<Row>
<연도>2016</연도>
<노선>I</노선>
<항공사>CQH</항공사>
<정기_부정기>정기</정기_부정기>
<여객기_화물기>여객기</여객기_화물기>
<운항출발>1725</운항출발>
<운항도착>1716</운항도착>
</Row>
<Row>
<연도>2016</연도>
<노선>I</노선>
<항공사>CQH</항공사>
<정기_부정기>부정기</정기_부정기>
<여객기_화물기>여객기</여객기_화물기>
<운항출발>61</운항출발>
<운항도착>70</운항도착>
</Row>
<Row>
<연도>2016</연도>
<노선>I</노선>
<항공사>CSC</항공사>
<정기_부정기>정기</정기_부정기>
<여객기_화물기>여객기</여객기_화물기>
<운항출발>189</운항출발>
<운항도착>190</운항도착>
</Row>
<Row>
<연도>2016</연도>
<노선>I</노선>
<항공사>CSC</항공사>
<정기_부정기>부정기</정기_부정기>
<여객기_화물기>여객기</여객기_화물기>
<운항출발>129</운항출발>
<운항도착>131</운항도착>
</Row>
<Row>
<연도>2016</연도>
<노선>I</노선>
<항공사>CSH</항공사>
<정기_부정기>정기</정기_부정기>
<여객기_화물기>여객기</여객기_화물기>
<운항출발>823</운항출발>
<운항도착>825</운항도착>
</Row>
<Row>
<연도>2016</연도>
<노선>I</노선>
<항공사>CSH</항공사>
<정기_부정기>부정기</정기_부정기>
<여객기_화물기>여객기</여객기_화물기>
<운항출발>39</운항출발>
<운항도착>36</운항도착>
</Row>
<Row>
<연도>2016</연도>
<노선>I</노선>
<항공사>CSN</항공사>
<정기_부정기>정기</정기_부정기>
<여객기_화물기>여객기</여객기_화물기>
<운항출발>2061</운항출발>
<운항도착>2064</운항도착>
</Row>
<Row>
<연도>2016</연도>
<노선>I</노선>
<항공사>CSN</항공사>
<정기_부정기>부정기</정기_부정기>
<여객기_화물기>여객기</여객기_화물기>
<운항출발>47</운항출발>
<운항도착>43</운항도착>
</Row>
<Row>
<연도>2016</연도>
<노선>I</노선>
<항공사>CSZ</항공사>
<정기_부정기>정기</정기_부정기>
<여객기_화물기>여객기</여객기_화물기>
<운항출발>140</운항출발>
<운항도착>140</운항도착>
</Row>
<Row>
<연도>2016</연도>
<노선>I</노선>
<항공사>CSZ</항공사>
<정기_부정기>부정기</정기_부정기>
<여객기_화물기>여객기</여객기_화물기>
<운항출발>6</운항출발>
<운항도착>6</운항도착>
</Row>
<Row>
<연도>2016</연도>
<노선>I</노선>
<항공사>CXA</항공사>
<정기_부정기>정기</정기_부정기>
<여객기_화물기>여객기</여객기_화물기>
<운항출발>266</운항출발>
<운항도착>266</운항도착>
</Row>
<Row>
<연도>2016</연도>
<노선>I</노선>
<항공사>DKH</항공사>
<정기_부정기>정기</정기_부정기>
<여객기_화물기>여객기</여객기_화물기>
<운항출발>569</운항출발>
<운항도착>567</운항도착>
</Row>
<Row>
<연도>2016</연도>
<노선>I</노선>
<항공사>DKH</항공사>
<정기_부정기>부정기</정기_부정기>
<여객기_화물기>여객기</여객기_화물기>
<운항출발>67</운항출발>
<운항도착>69</운항도착>
</Row>
<Row>
<연도>2016</연도>
<노선>I</노선>
<항공사>ESR</항공사>
<정기_부정기>정기</정기_부정기>
<여객기_화물기>여객기</여객기_화물기>
<운항출발>2083</운항출발>
<운항도착>2092</운항도착>
</Row>
<Row>
<연도>2016</연도>
<노선>I</노선>
<항공사>ESR</항공사>
<정기_부정기>부정기</정기_부정기>
<여객기_화물기>여객기</여객기_화물기>
<운항출발>391</운항출발>
<운항도착>379</운항도착>
</Row>
<Row>
<연도>2016</연도>
<노선>I</노선>
<항공사>EVA</항공사>
<정기_부정기>정기</정기_부정기>
<여객기_화물기>여객기</여객기_화물기>
<운항출발>209</운항출발>
<운항도착>209</운항도착>
</Row>
<Row>
<연도>2016</연도>
<노선>I</노선>
<항공사>EZD</항공사>
<정기_부정기>정기</정기_부정기>
<여객기_화물기>여객기</여객기_화물기>
<운항출발>204</운항출발>
<운항도착>206</운항도착>
</Row>
<Row>
<연도>2016</연도>
<노선>I</노선>
<항공사>EZD</항공사>
<정기_부정기>부정기</정기_부정기>
<여객기_화물기>여객기</여객기_화물기>
<운항출발>5</운항출발>
<운항도착>3</운항도착>
</Row>
<Row>
<연도>2016</연도>
<노선>I</노선>
<항공사>FEA</항공사>
<정기_부정기>부정기</정기_부정기>
<여객기_화물기>여객기</여객기_화물기>
<운항출발>14</운항출발>
<운항도착>14</운항도착>
</Row>
<Row>
<연도>2016</연도>
<노선>I</노선>
<항공사>GCR</항공사>
<정기_부정기>정기</정기_부정기>
<여객기_화물기>여객기</여객기_화물기>
<운항출발>133</운항출발>
<운항도착>135</운항도착>
</Row>
<Row>
<연도>2016</연도>
<노선>I</노선>
<항공사>GCR</항공사>
<정기_부정기>부정기</정기_부정기>
<여객기_화물기>여객기</여객기_화물기>
<운항출발>23</운항출발>
<운항도착>21</운항도착>
</Row>
<Row>
<연도>2016</연도>
<노선>I</노선>
<항공사>HDA</항공사>
<정기_부정기>정기</정기_부정기>
<여객기_화물기>여객기</여객기_화물기>
<운항출발>524</운항출발>
<운항도착>524</운항도착>
</Row>
<Row>
<연도>2016</연도>
<노선>I</노선>
<항공사>HDA</항공사>
<정기_부정기>부정기</정기_부정기>
<여객기_화물기>여객기</여객기_화물기>
<운항출발>6</운항출발>
<운항도착>6</운항도착>
</Row>
<Row>
<연도>2016</연도>
<노선>I</노선>
<항공사>HKE</항공사>
<정기_부정기>정기</정기_부정기>
<여객기_화물기>여객기</여객기_화물기>
<운항출발>312</운항출발>
<운항도착>313</운항도착>
</Row>
<Row>
<연도>2016</연도>
<노선>I</노선>
<항공사>HKE</항공사>
<정기_부정기>부정기</정기_부정기>
<여객기_화물기>여객기</여객기_화물기>
<운항출발>11</운항출발>
<운항도착>10</운항도착>
</Row>
<Row>
<연도>2016</연도>
<노선>I</노선>
<항공사>HVN</항공사>
<정기_부정기>정기</정기_부정기>
<여객기_화물기>여객기</여객기_화물기>
<운항출발>778</운항출발>
<운항도착>779</운항도착>
</Row>
<Row>
<연도>2016</연도>
<노선>I</노선>
<항공사>HVN</항공사>
<정기_부정기>부정기</정기_부정기>
<여객기_화물기>여객기</여객기_화물기>
<운항출발>17</운항출발>
<운항도착>18</운항도착>
</Row>
<Row>
<연도>2016</연도>
<노선>I</노선>
<항공사>JAL</항공사>
<정기_부정기>정기</정기_부정기>
<여객기_화물기>여객기</여객기_화물기>
<운항출발>1830</운항출발>
<운항도착>1825</운항도착>
</Row>
<Row>
<연도>2016</연도>
<노선>I</노선>
<항공사>JAL</항공사>
<정기_부정기>부정기</정기_부정기>
<여객기_화물기>여객기</여객기_화물기>
<운항출발>0</운항출발>
<운항도착>5</운항도착>
</Row>
<Row>
<연도>2016</연도>
<노선>I</노선>
<항공사>JJA</항공사>
<정기_부정기>정기</정기_부정기>
<여객기_화물기>여객기</여객기_화물기>
<운항출발>3127</운항출발>
<운항도착>3118</운항도착>
</Row>
<Row>
<연도>2016</연도>
<노선>I</노선>
<항공사>JJA</항공사>
<정기_부정기>부정기</정기_부정기>
<여객기_화물기>여객기</여객기_화물기>
<운항출발>182</운항출발>
<운항도착>190</운항도착>
</Row>
<Row>
<연도>2016</연도>
<노선>I</노선>
<항공사>JNA</항공사>
<정기_부정기>정기</정기_부정기>
<여객기_화물기>여객기</여객기_화물기>
<운항출발>2644</운항출발>
<운항도착>2632</운항도착>
</Row>
<Row>
<연도>2016</연도>
<노선>I</노선>
<항공사>JNA</항공사>
<정기_부정기>부정기</정기_부정기>
<여객기_화물기>여객기</여객기_화물기>
<운항출발>183</운항출발>
<운항도착>190</운항도착>
</Row>
<Row>
<연도>2016</연도>
<노선>I</노선>
<항공사>KAL</항공사>
<정기_부정기>정기</정기_부정기>
<여객기_화물기>여객기</여객기_화물기>
<운항출발>8933</운항출발>
<운항도착>8895</운항도착>
</Row>
<Row>
<연도>2016</연도>
<노선>I</노선>
<항공사>KAL</항공사>
<정기_부정기>부정기</정기_부정기>
<여객기_화물기>여객기</여객기_화물기>
<운항출발>251</운항출발>
<운항도착>288</운항도착>
</Row>
<Row>
<연도>2016</연도>
<노선>I</노선>
<항공사>KAL</항공사>
<정기_부정기>부정기</정기_부정기>
<여객기_화물기>화물기</여객기_화물기>
<운항출발>3</운항출발>
<운항도착>4</운항도착>
</Row>
<Row>
<연도>2016</연도>
<노선>I</노선>
<항공사>LAO</항공사>
<정기_부정기>정기</정기_부정기>
<여객기_화물기>여객기</여객기_화물기>
<운항출발>156</운항출발>
<운항도착>156</운항도착>
</Row>
<Row>
<연도>2016</연도>
<노선>I</노선>
<항공사>LAO</항공사>
<정기_부정기>부정기</정기_부정기>
<여객기_화물기>여객기</여객기_화물기>
<운항출발>3</운항출발>
<운항도착>3</운항도착>
</Row>
<Row>
<연도>2016</연도>
<노선>I</노선>
<항공사>LKE</항공사>
<정기_부정기>정기</정기_부정기>
<여객기_화물기>여객기</여객기_화물기>
<운항출발>108</운항출발>
<운항도착>109</운항도착>
</Row>
<Row>
<연도>2016</연도>
<노선>I</노선>
<항공사>LKE</항공사>
<정기_부정기>부정기</정기_부정기>
<여객기_화물기>여객기</여객기_화물기>
<운항출발>6</운항출발>
<운항도착>5</운항도착>
</Row>
<Row>
<연도>2016</연도>
<노선>I</노선>
<항공사>MGL</항공사>
<정기_부정기>정기</정기_부정기>
<여객기_화물기>여객기</여객기_화물기>
<운항출발>1</운항출발>
<운항도착>2</운항도착>
</Row>
<Row>
<연도>2016</연도>
<노선>I</노선>
<항공사>MGL</항공사>
<정기_부정기>부정기</정기_부정기>
<여객기_화물기>여객기</여객기_화물기>
<운항출발>8</운항출발>
<운항도착>7</운항도착>
</Row>
<Row>
<연도>2016</연도>
<노선>I</노선>
<항공사>OKA</항공사>
<정기_부정기>정기</정기_부정기>
<여객기_화물기>여객기</여객기_화물기>
<운항출발>800</운항출발>
<운항도착>789</운항도착>
</Row>
<Row>
<연도>2016</연도>
<노선>I</노선>
<항공사>OKA</항공사>
<정기_부정기>부정기</정기_부정기>
<여객기_화물기>여객기</여객기_화물기>
<운항출발>36</운항출발>
<운항도착>47</운항도착>
</Row>
<Row>
<연도>2016</연도>
<노선>I</노선>
<항공사>PAL</항공사>
<정기_부정기>정기</정기_부정기>
<여객기_화물기>여객기</여객기_화물기>
<운항출발>513</운항출발>
<운항도착>520</운항도착>
</Row>
<Row>
<연도>2016</연도>
<노선>I</노선>
<항공사>PAL</항공사>
<정기_부정기>부정기</정기_부정기>
<여객기_화물기>여객기</여객기_화물기>
<운항출발>30</운항출발>
<운항도착>25</운항도착>
</Row>
<Row>
<연도>2016</연도>
<노선>I</노선>
<항공사>PIC</항공사>
<정기_부정기>정기</정기_부정기>
<여객기_화물기>여객기</여객기_화물기>
<운항출발>2</운항출발>
<운항도착>2</운항도착>
</Row>
<Row>
<연도>2016</연도>
<노선>I</노선>
<항공사>SCO</항공사>
<정기_부정기>부정기</정기_부정기>
<여객기_화물기>여객기</여객기_화물기>
<운항출발>9</운항출발>
<운항도착>9</운항도착>
</Row>
<Row>
<연도>2016</연도>
<노선>I</노선>
<항공사>SFJ</항공사>
<정기_부정기>부정기</정기_부정기>
<여객기_화물기>여객기</여객기_화물기>
<운항출발>16</운항출발>
<운항도착>15</운항도착>
</Row>
<Row>
<연도>2016</연도>
<노선>I</노선>
<항공사>SHU</항공사>
<정기_부정기>정기</정기_부정기>
<여객기_화물기>여객기</여객기_화물기>
<운항출발>223</운항출발>
<운항도착>224</운항도착>
</Row>
<Row>
<연도>2016</연도>
<노선>I</노선>
<항공사>SHU</항공사>
<정기_부정기>부정기</정기_부정기>
<여객기_화물기>여객기</여객기_화물기>
<운항출발>4</운항출발>
<운항도착>3</운항도착>
</Row>
<Row>
<연도>2016</연도>
<노선>I</노선>
<항공사>SLK</항공사>
<정기_부정기>정기</정기_부정기>
<여객기_화물기>여객기</여객기_화물기>
<운항출발>1</운항출발>
<운항도착>1</운항도착>
</Row>
<Row>
<연도>2016</연도>
<노선>I</노선>
<항공사>SLK</항공사>
<정기_부정기>부정기</정기_부정기>
<여객기_화물기>여객기</여객기_화물기>
<운항출발>3</운항출발>
<운항도착>3</운항도착>
</Row>
<Row>
<연도>2016</연도>
<노선>I</노선>
<항공사>SWM</항공사>
<정기_부정기>정기</정기_부정기>
<여객기_화물기>여객기</여객기_화물기>
<운항출발>17</운항출발>
<운항도착>17</운항도착>
</Row>
<Row>
<연도>2016</연도>
<노선>I</노선>
<항공사>SWM</항공사>
<정기_부정기>부정기</정기_부정기>
<여객기_화물기>여객기</여객기_화물기>
<운항출발>20</운항출발>
<운항도착>19</운항도착>
</Row>
<Row>
<연도>2016</연도>
<노선>I</노선>
<항공사>SYL</항공사>
<정기_부정기>부정기</정기_부정기>
<여객기_화물기>여객기</여객기_화물기>
<운항출발>48</운항출발>
<운항도착>47</운항도착>
</Row>
<Row>
<연도>2016</연도>
<노선>I</노선>
<항공사>THA</항공사>
<정기_부정기>정기</정기_부정기>
<여객기_화물기>여객기</여객기_화물기>
<운항출발>261</운항출발>
<운항도착>261</운항도착>
</Row>
<Row>
<연도>2016</연도>
<노선>I</노선>
<항공사>TNA</항공사>
<정기_부정기>정기</정기_부정기>
<여객기_화물기>여객기</여객기_화물기>
<운항출발>185</운항출발>
<운항도착>185</운항도착>
</Row>
<Row>
<연도>2016</연도>
<노선>I</노선>
<항공사>TNA</항공사>
<정기_부정기>부정기</정기_부정기>
<여객기_화물기>여객기</여객기_화물기>
<운항출발>17</운항출발>
<운항도착>17</운항도착>
</Row>
<Row>
<연도>2016</연도>
<노선>I</노선>
<항공사>TTW</항공사>
<정기_부정기>정기</정기_부정기>
<여객기_화물기>여객기</여객기_화물기>
<운항출발>119</운항출발>
<운항도착>113</운항도착>
</Row>
<Row>
<연도>2016</연도>
<노선>I</노선>
<항공사>TTW</항공사>
<정기_부정기>부정기</정기_부정기>
<여객기_화물기>여객기</여객기_화물기>
<운항출발>43</운항출발>
<운항도착>48</운항도착>
</Row>
<Row>
<연도>2016</연도>
<노선>I</노선>
<항공사>TWB</항공사>
<정기_부정기>정기</정기_부정기>
<여객기_화물기>여객기</여객기_화물기>
<운항출발>1202</운항출발>
<운항도착>1201</운항도착>
</Row>
<Row>
<연도>2016</연도>
<노선>I</노선>
<항공사>TWB</항공사>
<정기_부정기>부정기</정기_부정기>
<여객기_화물기>여객기</여객기_화물기>
<운항출발>649</운항출발>
<운항도착>656</운항도착>
</Row>
<Row>
<연도>2016</연도>
<노선>I</노선>
<항공사>VAX</항공사>
<정기_부정기>정기</정기_부정기>
<여객기_화물기>여객기</여객기_화물기>
<운항출발>162</운항출발>
<운항도착>164</운항도착>
</Row>
<Row>
<연도>2016</연도>
<노선>I</노선>
<항공사>VAX</항공사>
<정기_부정기>부정기</정기_부정기>
<여객기_화물기>여객기</여객기_화물기>
<운항출발>10</운항출발>
<운항도착>8</운항도착>
</Row>
<Row>
<연도>2016</연도>
<노선>I</노선>
<항공사>VJC</항공사>
<정기_부정기>정기</정기_부정기>
<여객기_화물기>여객기</여객기_화물기>
<운항출발>14</운항출발>
<운항도착>14</운항도착>
</Row>
<Row>
<연도>2016</연도>
<노선>I</노선>
<항공사>VJC</항공사>
<정기_부정기>부정기</정기_부정기>
<여객기_화물기>여객기</여객기_화물기>
<운항출발>27</운항출발>
<운항도착>25</운항도착>
</Row>
<Row>
<연도>2016</연도>
<노선>I</노선>
<항공사>XAX</항공사>
<정기_부정기>정기</정기_부정기>
<여객기_화물기>여객기</여객기_화물기>
<운항출발>208</운항출발>
<운항도착>210</운항도착>
</Row>
<Row>
<연도>2016</연도>
<노선>I</노선>
<항공사>XAX</항공사>
<정기_부정기>부정기</정기_부정기>
<여객기_화물기>여객기</여객기_화물기>
<운항출발>2</운항출발>
<운항도착>0</운항도착>
</Row>
</root>
