<?xml version="1.0" encoding="UTF-8"?>
<root>
<header>
<header>연도</header>
<header>공항</header>
<header>노선</header>
<header>출_도착</header>
<header>안개당해</header>
<header>안개상대</header>
<header>강설당해</header>
<header>강설상대</header>
<header>강우당해</header>
<header>강우상대</header>
<header>기타당해</header>
<header>기타상대</header>
<header>기상당해</header>
<header>기상상대</header>
</header>
<Row>
<연도>2016</연도>
<공항>CJJ</공항>
<노선>D</노선>
<출_도착>출발</출_도착>
<안개당해>11</안개당해>
<안개상대>2</안개상대>
<강설당해>39</강설당해>
<강설상대>4</강설상대>
<강우당해>0</강우당해>
<강우상대>0</강우상대>
<기타당해>10</기타당해>
<기타상대>11</기타상대>
<기상당해>60</기상당해>
<기상상대>17</기상상대>
</Row>
<Row>
<연도>2016</연도>
<공항>CJJ</공항>
<노선>I</노선>
<출_도착>출발</출_도착>
<안개당해>2</안개당해>
<안개상대>2</안개상대>
<강설당해>3</강설당해>
<강설상대>0</강설상대>
<강우당해>0</강우당해>
<강우상대>0</강우상대>
<기타당해>0</기타당해>
<기타상대>0</기타상대>
<기상당해>5</기상당해>
<기상상대>2</기상상대>
</Row>
<Row>
<연도>2016</연도>
<공항>CJU</공항>
<노선>D</노선>
<출_도착>출발</출_도착>
<안개당해>31</안개당해>
<안개상대>14</안개상대>
<강설당해>454</강설당해>
<강설상대>8</강설상대>
<강우당해>3</강우당해>
<강우상대>0</강우상대>
<기타당해>183</기타당해>
<기타상대>25</기타상대>
<기상당해>671</기상당해>
<기상상대>47</기상상대>
</Row>
<Row>
<연도>2016</연도>
<공항>CJU</공항>
<노선>I</노선>
<출_도착>출발</출_도착>
<안개당해>13</안개당해>
<안개상대>4</안개상대>
<강설당해>49</강설당해>
<강설상대>0</강설상대>
<강우당해>3</강우당해>
<강우상대>0</강우상대>
<기타당해>35</기타당해>
<기타상대>8</기타상대>
<기상당해>100</기상당해>
<기상상대>12</기상상대>
</Row>
<Row>
<연도>2016</연도>
<공항>GMP</공항>
<노선>D</노선>
<출_도착>출발</출_도착>
<안개당해>41</안개당해>
<안개상대>93</안개상대>
<강설당해>70</강설당해>
<강설상대>218</강설상대>
<강우당해>0</강우당해>
<강우상대>5</강우상대>
<기타당해>59</기타당해>
<기타상대>226</기타상대>
<기상당해>170</기상당해>
<기상상대>542</기상상대>
</Row>
<Row>
<연도>2016</연도>
<공항>GMP</공항>
<노선>I</노선>
<출_도착>출발</출_도착>
<안개당해>0</안개당해>
<안개상대>0</안개상대>
<강설당해>0</강설당해>
<강설상대>0</강설상대>
<강우당해>0</강우당해>
<강우상대>0</강우상대>
<기타당해>1</기타당해>
<기타상대>2</기타상대>
<기상당해>1</기상당해>
<기상상대>2</기상상대>
</Row>
<Row>
<연도>2016</연도>
<공항>HIN</공항>
<노선>D</노선>
<출_도착>출발</출_도착>
<안개당해>21</안개당해>
<안개상대>0</안개상대>
<강설당해>3</강설당해>
<강설상대>0</강설상대>
<강우당해>0</강우당해>
<강우상대>0</강우상대>
<기타당해>4</기타당해>
<기타상대>0</기타상대>
<기상당해>28</기상당해>
<기상상대>0</기상상대>
</Row>
<Row>
<연도>2016</연도>
<공항>KPO</공항>
<노선>D</노선>
<출_도착>출발</출_도착>
<안개당해>14</안개당해>
<안개상대>0</안개상대>
<강설당해>1</강설당해>
<강설상대>0</강설상대>
<강우당해>2</강우당해>
<강우상대>0</강우상대>
<기타당해>10</기타당해>
<기타상대>0</기타상대>
<기상당해>27</기상당해>
<기상상대>0</기상상대>
</Row>
<Row>
<연도>2016</연도>
<공항>KUV</공항>
<노선>D</노선>
<출_도착>출발</출_도착>
<안개당해>0</안개당해>
<안개상대>0</안개상대>
<강설당해>12</강설당해>
<강설상대>0</강설상대>
<강우당해>0</강우당해>
<강우상대>0</강우상대>
<기타당해>2</기타당해>
<기타상대>0</기타상대>
<기상당해>14</기상당해>
<기상상대>0</기상상대>
</Row>
<Row>
<연도>2016</연도>
<공항>KWJ</공항>
<노선>D</노선>
<출_도착>출발</출_도착>
<안개당해>13</안개당해>
<안개상대>0</안개상대>
<강설당해>32</강설당해>
<강설상대>0</강설상대>
<강우당해>0</강우당해>
<강우상대>0</강우상대>
<기타당해>7</기타당해>
<기타상대>3</기타상대>
<기상당해>52</기상당해>
<기상상대>3</기상상대>
</Row>
<Row>
<연도>2016</연도>
<공항>MWX</공항>
<노선>D</노선>
<출_도착>출발</출_도착>
<안개당해>0</안개당해>
<안개상대>1</안개상대>
<강설당해>1</강설당해>
<강설상대>0</강설상대>
<강우당해>0</강우당해>
<강우상대>0</강우상대>
<기타당해>0</기타당해>
<기타상대>0</기타상대>
<기상당해>1</기상당해>
<기상상대>1</기상상대>
</Row>
<Row>
<연도>2016</연도>
<공항>MWX</공항>
<노선>I</노선>
<출_도착>출발</출_도착>
<안개당해>0</안개당해>
<안개상대>0</안개상대>
<강설당해>0</강설당해>
<강설상대>0</강설상대>
<강우당해>0</강우당해>
<강우상대>0</강우상대>
<기타당해>0</기타당해>
<기타상대>0</기타상대>
<기상당해>0</기상당해>
<기상상대>0</기상상대>
</Row>
<Row>
<연도>2016</연도>
<공항>PUS</공항>
<노선>D</노선>
<출_도착>출발</출_도착>
<안개당해>35</안개당해>
<안개상대>2</안개상대>
<강설당해>29</강설당해>
<강설상대>46</강설상대>
<강우당해>0</강우당해>
<강우상대>0</강우상대>
<기타당해>84</기타당해>
<기타상대>25</기타상대>
<기상당해>148</기상당해>
<기상상대>73</기상상대>
</Row>
<Row>
<연도>2016</연도>
<공항>PUS</공항>
<노선>I</노선>
<출_도착>출발</출_도착>
<안개당해>20</안개당해>
<안개상대>1</안개상대>
<강설당해>1</강설당해>
<강설상대>2</강설상대>
<강우당해>0</강우당해>
<강우상대>0</강우상대>
<기타당해>31</기타당해>
<기타상대>5</기타상대>
<기상당해>52</기상당해>
<기상상대>8</기상상대>
</Row>
<Row>
<연도>2016</연도>
<공항>RSU</공항>
<노선>D</노선>
<출_도착>출발</출_도착>
<안개당해>4</안개당해>
<안개상대>0</안개상대>
<강설당해>23</강설당해>
<강설상대>0</강설상대>
<강우당해>0</강우당해>
<강우상대>0</강우상대>
<기타당해>14</기타당해>
<기타상대>1</기타상대>
<기상당해>41</기상당해>
<기상상대>1</기상상대>
</Row>
<Row>
<연도>2016</연도>
<공항>TAE</공항>
<노선>D</노선>
<출_도착>출발</출_도착>
<안개당해>1</안개당해>
<안개상대>0</안개상대>
<강설당해>26</강설당해>
<강설상대>5</강설상대>
<강우당해>0</강우당해>
<강우상대>0</강우상대>
<기타당해>9</기타당해>
<기타상대>0</기타상대>
<기상당해>36</기상당해>
<기상상대>5</기상상대>
</Row>
<Row>
<연도>2016</연도>
<공항>TAE</공항>
<노선>I</노선>
<출_도착>출발</출_도착>
<안개당해>0</안개당해>
<안개상대>2</안개상대>
<강설당해>1</강설당해>
<강설상대>0</강설상대>
<강우당해>0</강우당해>
<강우상대>0</강우상대>
<기타당해>0</기타당해>
<기타상대>1</기타상대>
<기상당해>1</기상당해>
<기상상대>3</기상상대>
</Row>
<Row>
<연도>2016</연도>
<공항>USN</공항>
<노선>D</노선>
<출_도착>출발</출_도착>
<안개당해>18</안개당해>
<안개상대>0</안개상대>
<강설당해>1</강설당해>
<강설상대>0</강설상대>
<강우당해>3</강우당해>
<강우상대>0</강우상대>
<기타당해>16</기타당해>
<기타상대>0</기타상대>
<기상당해>38</기상당해>
<기상상대>0</기상상대>
</Row>
<Row>
<연도>2016</연도>
<공항>WJU</공항>
<노선>D</노선>
<출_도착>출발</출_도착>
<안개당해>4</안개당해>
<안개상대>0</안개상대>
<강설당해>8</강설당해>
<강설상대>0</강설상대>
<강우당해>1</강우당해>
<강우상대>0</강우상대>
<기타당해>1</기타당해>
<기타상대>1</기타상대>
<기상당해>14</기상당해>
<기상상대>1</기상상대>
</Row>
<Row>
<연도>2016</연도>
<공항>YNY</공항>
<노선>D</노선>
<출_도착>출발</출_도착>
<안개당해>0</안개당해>
<안개상대>0</안개상대>
<강설당해>0</강설당해>
<강설상대>0</강설상대>
<강우당해>0</강우당해>
<강우상대>0</강우상대>
<기타당해>0</기타당해>
<기타상대>0</기타상대>
<기상당해>0</기상당해>
<기상상대>0</기상상대>
</Row>
<Row>
<연도>2016</연도>
<공항>YNY</공항>
<노선>I</노선>
<출_도착>출발</출_도착>
<안개당해>0</안개당해>
<안개상대>0</안개상대>
<강설당해>0</강설당해>
<강설상대>0</강설상대>
<강우당해>0</강우당해>
<강우상대>0</강우상대>
<기타당해>0</기타당해>
<기타상대>0</기타상대>
<기상당해>0</기상당해>
<기상상대>0</기상상대>
</Row>
<Row>
<연도>2016</연도>
<공항>CJJ</공항>
<노선>D</노선>
<출_도착>도착</출_도착>
<안개당해>14</안개당해>
<안개상대>2</안개상대>
<강설당해>0</강설당해>
<강설상대>43</강설상대>
<강우당해>0</강우당해>
<강우상대>0</강우상대>
<기타당해>1</기타당해>
<기타상대>12</기타상대>
<기상당해>15</기상당해>
<기상상대>57</기상상대>
</Row>
<Row>
<연도>2016</연도>
<공항>CJJ</공항>
<노선>I</노선>
<출_도착>도착</출_도착>
<안개당해>6</안개당해>
<안개상대>2</안개상대>
<강설당해>0</강설당해>
<강설상대>3</강설상대>
<강우당해>0</강우당해>
<강우상대>0</강우상대>
<기타당해>0</기타당해>
<기타상대>0</기타상대>
<기상당해>6</기상당해>
<기상상대>5</기상상대>
</Row>
<Row>
<연도>2016</연도>
<공항>CJU</공항>
<노선>D</노선>
<출_도착>도착</출_도착>
<안개당해>7</안개당해>
<안개상대>41</안개상대>
<강설당해>10</강설당해>
<강설상대>434</강설상대>
<강우당해>0</강우당해>
<강우상대>5</강우상대>
<기타당해>115</기타당해>
<기타상대>178</기타상대>
<기상당해>132</기상당해>
<기상상대>658</기상상대>
</Row>
<Row>
<연도>2016</연도>
<공항>CJU</공항>
<노선>I</노선>
<출_도착>도착</출_도착>
<안개당해>2</안개당해>
<안개상대>10</안개상대>
<강설당해>3</강설당해>
<강설상대>31</강설상대>
<강우당해>0</강우당해>
<강우상대>13</강우상대>
<기타당해>22</기타당해>
<기타상대>39</기타상대>
<기상당해>27</기상당해>
<기상상대>93</기상상대>
</Row>
<Row>
<연도>2016</연도>
<공항>GMP</공항>
<노선>D</노선>
<출_도착>도착</출_도착>
<안개당해>2</안개당해>
<안개상대>83</안개상대>
<강설당해>0</강설당해>
<강설상대>304</강설상대>
<강우당해>1</강우당해>
<강우상대>3</강우상대>
<기타당해>5</기타당해>
<기타상대>199</기타상대>
<기상당해>8</기상당해>
<기상상대>589</기상상대>
</Row>
<Row>
<연도>2016</연도>
<공항>GMP</공항>
<노선>I</노선>
<출_도착>도착</출_도착>
<안개당해>1</안개당해>
<안개상대>0</안개상대>
<강설당해>0</강설당해>
<강설상대>0</강설상대>
<강우당해>0</강우당해>
<강우상대>2</강우상대>
<기타당해>1</기타당해>
<기타상대>6</기타상대>
<기상당해>2</기상당해>
<기상상대>8</기상상대>
</Row>
<Row>
<연도>2016</연도>
<공항>HIN</공항>
<노선>D</노선>
<출_도착>도착</출_도착>
<안개당해>1</안개당해>
<안개상대>23</안개상대>
<강설당해>0</강설당해>
<강설상대>3</강설상대>
<강우당해>0</강우당해>
<강우상대>0</강우상대>
<기타당해>2</기타당해>
<기타상대>2</기타상대>
<기상당해>3</기상당해>
<기상상대>28</기상상대>
</Row>
<Row>
<연도>2016</연도>
<공항>KPO</공항>
<노선>D</노선>
<출_도착>도착</출_도착>
<안개당해>0</안개당해>
<안개상대>16</안개상대>
<강설당해>0</강설당해>
<강설상대>1</강설상대>
<강우당해>0</강우당해>
<강우상대>2</강우상대>
<기타당해>0</기타당해>
<기타상대>11</기타상대>
<기상당해>0</기상당해>
<기상상대>30</기상상대>
</Row>
<Row>
<연도>2016</연도>
<공항>KUV</공항>
<노선>D</노선>
<출_도착>도착</출_도착>
<안개당해>0</안개당해>
<안개상대>0</안개상대>
<강설당해>0</강설당해>
<강설상대>15</강설상대>
<강우당해>0</강우당해>
<강우상대>0</강우상대>
<기타당해>0</기타당해>
<기타상대>1</기타상대>
<기상당해>0</기상당해>
<기상상대>16</기상상대>
</Row>
<Row>
<연도>2016</연도>
<공항>KWJ</공항>
<노선>D</노선>
<출_도착>도착</출_도착>
<안개당해>2</안개당해>
<안개상대>17</안개상대>
<강설당해>1</강설당해>
<강설상대>31</강설상대>
<강우당해>0</강우당해>
<강우상대>1</강우상대>
<기타당해>0</기타당해>
<기타상대>3</기타상대>
<기상당해>3</기상당해>
<기상상대>52</기상상대>
</Row>
<Row>
<연도>2016</연도>
<공항>MWX</공항>
<노선>D</노선>
<출_도착>도착</출_도착>
<안개당해>1</안개당해>
<안개상대>0</안개상대>
<강설당해>0</강설당해>
<강설상대>3</강설상대>
<강우당해>0</강우당해>
<강우상대>0</강우상대>
<기타당해>0</기타당해>
<기타상대>1</기타상대>
<기상당해>1</기상당해>
<기상상대>4</기상상대>
</Row>
<Row>
<연도>2016</연도>
<공항>MWX</공항>
<노선>I</노선>
<출_도착>도착</출_도착>
<안개당해>0</안개당해>
<안개상대>0</안개상대>
<강설당해>0</강설당해>
<강설상대>0</강설상대>
<강우당해>0</강우당해>
<강우상대>0</강우상대>
<기타당해>0</기타당해>
<기타상대>0</기타상대>
<기상당해>0</기상당해>
<기상상대>0</기상상대>
</Row>
<Row>
<연도>2016</연도>
<공항>PUS</공항>
<노선>D</노선>
<출_도착>도착</출_도착>
<안개당해>12</안개당해>
<안개상대>28</안개상대>
<강설당해>0</강설당해>
<강설상대>54</강설상대>
<강우당해>0</강우당해>
<강우상대>0</강우상대>
<기타당해>42</기타당해>
<기타상대>64</기타상대>
<기상당해>54</기상당해>
<기상상대>146</기상상대>
</Row>
<Row>
<연도>2016</연도>
<공항>PUS</공항>
<노선>I</노선>
<출_도착>도착</출_도착>
<안개당해>7</안개당해>
<안개상대>5</안개상대>
<강설당해>0</강설당해>
<강설상대>1</강설상대>
<강우당해>1</강우당해>
<강우상대>2</강우상대>
<기타당해>31</기타당해>
<기타상대>22</기타상대>
<기상당해>39</기상당해>
<기상상대>30</기상상대>
</Row>
<Row>
<연도>2016</연도>
<공항>RSU</공항>
<노선>D</노선>
<출_도착>도착</출_도착>
<안개당해>0</안개당해>
<안개상대>4</안개상대>
<강설당해>0</강설당해>
<강설상대>27</강설상대>
<강우당해>0</강우당해>
<강우상대>0</강우상대>
<기타당해>0</기타당해>
<기타상대>16</기타상대>
<기상당해>0</기상당해>
<기상상대>47</기상상대>
</Row>
<Row>
<연도>2016</연도>
<공항>TAE</공항>
<노선>D</노선>
<출_도착>도착</출_도착>
<안개당해>0</안개당해>
<안개상대>3</안개상대>
<강설당해>0</강설당해>
<강설상대>34</강설상대>
<강우당해>0</강우당해>
<강우상대>0</강우상대>
<기타당해>0</기타당해>
<기타상대>6</기타상대>
<기상당해>0</기상당해>
<기상상대>43</기상상대>
</Row>
<Row>
<연도>2016</연도>
<공항>TAE</공항>
<노선>I</노선>
<출_도착>도착</출_도착>
<안개당해>0</안개당해>
<안개상대>1</안개상대>
<강설당해>0</강설당해>
<강설상대>0</강설상대>
<강우당해>0</강우당해>
<강우상대>0</강우상대>
<기타당해>0</기타당해>
<기타상대>1</기타상대>
<기상당해>0</기상당해>
<기상상대>2</기상상대>
</Row>
<Row>
<연도>2016</연도>
<공항>USN</공항>
<노선>D</노선>
<출_도착>도착</출_도착>
<안개당해>0</안개당해>
<안개상대>39</안개상대>
<강설당해>0</강설당해>
<강설상대>1</강설상대>
<강우당해>1</강우당해>
<강우상대>4</강우상대>
<기타당해>1</기타당해>
<기타상대>46</기타상대>
<기상당해>2</기상당해>
<기상상대>90</기상상대>
</Row>
<Row>
<연도>2016</연도>
<공항>WJU</공항>
<노선>D</노선>
<출_도착>도착</출_도착>
<안개당해>1</안개당해>
<안개상대>4</안개상대>
<강설당해>0</강설당해>
<강설상대>9</강설상대>
<강우당해>0</강우당해>
<강우상대>1</강우상대>
<기타당해>0</기타당해>
<기타상대>1</기타상대>
<기상당해>1</기상당해>
<기상상대>15</기상상대>
</Row>
<Row>
<연도>2016</연도>
<공항>YNY</공항>
<노선>D</노선>
<출_도착>도착</출_도착>
<안개당해>0</안개당해>
<안개상대>0</안개상대>
<강설당해>0</강설당해>
<강설상대>0</강설상대>
<강우당해>0</강우당해>
<강우상대>0</강우상대>
<기타당해>0</기타당해>
<기타상대>0</기타상대>
<기상당해>0</기상당해>
<기상상대>0</기상상대>
</Row>
<Row>
<연도>2016</연도>
<공항>YNY</공항>
<노선>I</노선>
<출_도착>도착</출_도착>
<안개당해>0</안개당해>
<안개상대>0</안개상대>
<강설당해>0</강설당해>
<강설상대>0</강설상대>
<강우당해>0</강우당해>
<강우상대>0</강우상대>
<기타당해>0</기타당해>
<기타상대>0</기타상대>
<기상당해>0</기상당해>
<기상상대>0</기상상대>
</Row>
</root>
